,Sol,avg_duration,avg_peak,flare_count,aurora_count,target,BZ_nT_GSE,BZ_nT_GSM,SW_Plasma_Speed_kms,Kp_index,R_Sunspot_No,Dst_index_nT,f10_7_index,AE_index_nT
0,2015-01-01,13.333333333333334,4.333333333333333,3,1,1,-0.5,-0.6,498.0,13,104,-11,132.9,99
1,2015-01-02,4.5,2.5,6,7,1,-1.9,-2.1,419.0,23,122,-17,141.0,251
2,2015-01-03,18.0,11.272727272727273,11,2,1,1.4,1.4,447.0,23,102,-26,143.8,138
3,2015-01-04,27.666666666666668,14.0,6,6,1,-4.4,-4.4,410.0,30,105,-44,144.8,439
4,2015-01-05,12.0,8.5,6,2,1,0.6,0.3,494.0,27,88,-41,137.2,244
5,2015-01-06,12.833333333333334,7.833333333333333,6,0,0,3.2,2.9,490.0,27,89,-34,137.2,158
6,2015-01-07,20.285714285714285,8.571428571428571,7,6,1,2.4,2.3,450.0,33,103,-50,142.4,276
7,2015-01-08,11.4,6.8,5,0,0,-0.1,0.0,469.0,27,99,-46,152.0,189
8,2015-01-09,24.0,13.0,5,0,0,-0.1,0.2,457.0,17,111,-35,146.2,118
9,2015-01-10,19.8,12.8,5,1,1,-0.2,0.3,426.0,20,106,-25,146.9,155
10,2015-01-11,60.666666666666664,37.333333333333336,9,0,0,-0.9,-0.1,482.0,23,122,-29,148.6,183
11,2015-01-12,25.714285714285715,10.285714285714286,7,0,0,-0.1,0.3,434.0,17,124,-26,153.4,136
12,2015-01-13,17.0,7.25,4,0,0,-0.5,-0.0,425.0,20,101,-21,999.9,139
13,2015-01-14,21.2,12.7,10,0,0,-0.2,0.7,394.0,17,80,-19,137.2,106
14,2015-01-15,28.8,12.6,5,0,0,1.1,1.9,400.0,10,59,-14,127.1,91
15,2015-01-16,35.0,12.0,1,0,0,-0.9,-0.2,382.0,17,52,-16,120.7,132
16,2015-01-18,13.5,6.0,2,1,1,-0.6,-0.2,326.0,10,68,-10,121.7,81
17,2015-01-19,9.75,5.25,4,1,1,-1.0,-0.5,306.0,10,66,-8,125.9,89
18,2015-01-20,21.333333333333332,12.0,3,0,0,1.8,2.5,295.0,3,56,-5,121.6,58
19,2015-01-21,15.571428571428571,12.428571428571429,7,0,0,3.5,2.2,383.0,23,43,6,120.0,126
20,2015-01-22,11.875,5.75,8,0,0,1.5,0.3,461.0,27,50,-17,116.6,199
21,2015-01-23,10.375,4.75,8,0,0,-0.0,-0.7,423.0,20,60,-15,117.3,135
22,2015-01-24,10.0,4.857142857142857,7,1,1,-0.3,-0.9,374.0,13,59,-13,121.4,124
23,2015-01-25,12.2,7.2,5,0,0,-0.7,-1.6,347.0,13,62,-7,122.7,88
24,2015-01-26,24.125,15.0,8,1,1,-1.7,-2.7,359.0,30,109,-21,142.5,257
25,2015-01-27,25.4,9.4,5,1,1,0.2,-0.7,451.0,27,126,-17,153.3,197
26,2015-01-28,22.571428571428573,12.714285714285714,7,1,1,0.5,-0.3,446.0,17,141,-15,154.5,144
27,2015-01-29,13.055555555555555,7.666666666666667,18,0,0,0.4,-0.9,392.0,20,146,-11,166.7,167
28,2015-01-30,22.857142857142858,9.571428571428571,7,1,1,0.2,-0.4,410.0,20,153,-20,154.6,179
29,2015-01-31,17.25,6.75,4,0,0,-1.1,-1.8,418.0,20,138,-19,149.0,180
30,2015-02-01,43.0,20.125,8,0,0,0.9,0.7,542.0,33,113,-15,137.6,233
31,2015-02-02,15.333333333333334,7.333333333333333,3,4,1,-0.6,-1.3,658.0,40,93,-34,139.8,382
32,2015-02-03,18.6,6.8,5,1,1,0.1,-0.4,597.0,30,89,-24,145.1,230
33,2015-02-04,24.333333333333332,13.333333333333334,3,0,0,-0.7,-1.1,477.0,20,96,-19,150.1,168
34,2015-02-05,13.333333333333334,6.333333333333333,3,0,0,-1.5,-1.0,413.0,23,93,-11,138.0,206
35,2015-02-06,21.333333333333332,10.333333333333334,3,0,0,0.5,1.6,423.0,13,89,-12,139.3,72
36,2015-02-07,24.5,15.75,4,0,0,-1.0,-0.0,407.0,20,76,-19,148.9,181
37,2015-02-08,34.666666666666664,16.666666666666668,3,1,1,-1.3,0.0,492.0,23,84,-22,148.7,178
38,2015-02-09,38.75,24.5,4,0,0,-0.3,0.5,428.0,17,88,-16,141.9,120
39,2015-02-10,31.5,15.5,2,0,0,-0.6,0.3,382.0,13,84,-15,137.3,95
40,2015-02-11,29.0,16.5,2,0,0,0.4,1.6,374.0,13,60,-12,127.7,93
41,2015-02-12,5.0,3.0,1,0,0,-0.7,-0.1,345.0,10,51,-9,124.4,108
42,2015-02-13,8.0,8.0,1,0,0,0.2,1.4,330.0,3,62,-6,121.8,44
43,2015-02-14,9.5,5.0,2,0,0,1.1,2.4,322.0,3,53,3,117.4,39
44,2015-02-15,10.0,5.0,1,0,0,2.4,1.0,325.0,17,65,-2,116.7,101
45,2015-02-16,18.0,12.0,1,3,1,3.7,3.0,338.0,13,41,3,115.3,76
46,2015-02-18,20.0,15.0,1,1,1,-0.5,-1.8,434.0,30,87,-46,118.2,286
47,2015-02-19,25.0,14.0,2,0,0,-0.1,-1.0,391.0,20,89,-26,116.0,149
48,2015-02-20,29.5,13.0,4,0,0,0.1,-1.3,350.0,13,64,-18,117.0,142
49,2015-02-21,81.0,30.0,1,0,0,0.8,-0.5,335.0,17,58,-14,113.6,116
50,2015-02-22,60.0,19.0,1,0,0,-0.7,-2.0,318.0,17,43,-9,115.0,118
51,2015-02-23,16.6,8.6,5,0,0,-1.8,-1.7,384.0,30,46,-20,114.3,293
52,2015-02-24,92.33333333333333,41.333333333333336,3,3,1,-0.6,1.1,469.0,33,44,-36,112.1,330
53,2015-02-26,16.5,8.5,2,0,0,-1.0,-0.7,410.0,10,22,-12,109.1,81
54,2015-02-27,34.0,28.0,2,0,0,0.7,0.6,345.0,3,58,2,115.7,44
55,2015-02-28,16.2,12.0,5,2,1,-1.0,-2.3,378.0,23,60,-4,121.1,246
56,2015-03-01,61.0,61.0,1,16,1,-0.0,-1.8,517.0,33,65,-36,125.3,289
57,2015-03-02,21.4,14.8,5,4,1,-0.7,-2.0,572.0,37,52,-40,128.1,376
58,2015-03-03,16.0,16.0,1,0,0,-0.2,-1.0,498.0,23,42,-26,122.9,248
59,2015-03-04,27.0,20.0,5,1,1,0.8,1.1,465.0,20,37,-14,122.1,132
60,2015-03-05,45.25,39.75,4,0,0,0.5,1.2,446.0,13,26,-9,137.9,107
61,2015-03-06,7.0,4.5,2,0,0,0.0,2.1,469.0,23,35,-11,125.4,162
62,2015-03-07,21.333333333333332,3.0,3,0,0,-0.5,0.0,539.0,37,17,-18,135.7,320
63,2015-03-09,14.75,9.0,4,0,0,0.1,1.0,455.0,10,23,-12,121.2,74
64,2015-03-10,11.333333333333334,8.0,6,0,0,0.2,1.5,380.0,10,27,-5,119.2,68
65,2015-03-11,21.571428571428573,10.142857142857142,7,0,0,-0.9,0.4,385.0,20,44,-7,129.9,168
66,2015-03-12,16.0,7.5625,16,1,1,0.2,1.0,401.0,17,56,-14,125.1,175
67,2015-03-13,20.375,10.25,8,1,1,1.0,2.4,401.0,13,76,-7,117.9,81
68,2015-03-14,13.066666666666666,7.133333333333334,15,0,0,-0.4,0.8,338.0,13,55,-6,114.3,90
69,2015-03-15,23.0,16.9,10,0,0,-0.6,-0.3,318.0,17,53,-5,113.1,169
70,2015-03-16,20.555555555555557,17.22222222222222,9,0,0,5.3,5.1,380.0,23,46,9,116.0,97
71,2015-03-17,21.666666666666668,19.0,3,57,1,-6.0,-6.2,532.0,60,38,-84,113.2,633
72,2015-03-18,12.666666666666666,8.666666666666666,3,55,1,1.8,-1.1,595.0,50,41,-117,113.7,488
73,2015-03-19,17.25,11.75,4,14,1,-0.3,-0.9,601.0,37,49,-78,108.3,410
74,2015-03-20,27.0,21.5,2,5,1,0.0,-0.6,570.0,37,20,-64,111.8,337
75,2015-03-21,41.0,17.25,4,2,1,2.3,1.6,626.0,23,26,-48,112.7,222
76,2015-03-22,12.5,6.0,2,0,0,1.2,1.9,634.0,30,81,-46,121.5,235
77,2015-03-23,17.666666666666668,12.333333333333334,3,0,0,-0.6,0.4,587.0,33,99,-42,127.2,296
78,2015-03-24,12.0,4.5,2,0,0,0.3,1.0,532.0,23,108,-33,132.2,174
79,2015-03-25,17.375,10.375,8,0,0,0.6,1.2,546.0,27,99,-24,137.0,158
80,2015-03-26,16.88888888888889,9.777777777777779,9,0,0,0.1,0.4,451.0,20,105,-21,135.5,142
81,2015-03-27,7.8,3.8,5,1,1,0.6,-0.6,406.0,20,101,-25,137.2,182
82,2015-03-28,21.333333333333332,11.777777777777779,9,0,0,5.4,3.4,403.0,20,81,-20,145.1,143
83,2015-03-29,17.5,5.5,4,0,0,1.8,-2.0,373.0,23,72,-32,144.0,250
84,2015-03-30,30.0,18.666666666666668,6,0,0,1.3,-0.3,333.0,10,51,-25,133.3,81
85,2015-03-31,230.0,86.0,1,0,0,5.1,4.9,370.0,20,38,-11,127.8,93
86,2015-04-02,49.333333333333336,28.333333333333332,3,0,0,0.2,1.8,428.0,23,35,-13,121.2,237
87,2015-04-03,59.0,30.0,2,0,0,1.7,3.0,524.0,27,35,-18,119.8,140
88,2015-04-04,64.125,32.375,8,0,0,0.7,1.3,526.0,23,54,-19,122.4,176
89,2015-04-05,49.5,24.5,2,0,0,0.8,1.6,545.0,17,55,-11,122.3,105
90,2015-04-06,39.0,31.0,1,0,0,0.0,0.5,482.0,13,53,-13,125.8,94
91,2015-04-07,29.0,8.0,1,0,0,0.1,0.8,404.0,10,51,-8,111.4,69
92,2015-04-08,7.0,5.0,1,0,0,0.8,1.1,344.0,7,43,-3,106.3,63
93,2015-04-09,12.777777777777779,7.333333333333333,9,1,1,-1.6,0.4,363.0,27,47,-4,111.6,173
94,2015-04-10,16.2,10.8,5,7,1,1.2,1.2,404.0,40,41,-40,115.5,327
95,2015-04-11,30.333333333333332,17.0,6,5,1,-4.7,-3.5,366.0,30,59,-63,123.5,484
96,2015-04-12,24.833333333333332,14.0,12,0,0,2.1,1.5,344.0,7,86,-25,134.6,75
97,2015-04-13,9.444444444444445,6.0,9,0,0,0.1,-0.3,335.0,13,103,-13,142.1,122
98,2015-04-14,103.0,46.0,1,0,0,-0.5,-0.8,319.0,23,105,-13,147.7,267
99,2015-04-15,14.0,8.5,2,0,0,1.3,0.8,473.0,37,96,-38,155.7,333
100,2015-04-16,34.0,22.333333333333332,6,0,0,-1.3,-2.6,599.0,47,100,-60,151.3,643
101,2015-04-17,15.166666666666666,9.833333333333334,6,0,0,0.5,-0.1,647.0,33,117,-56,150.8,350
102,2015-04-18,23.5,11.75,4,0,0,0.2,-0.1,545.0,23,140,-31,148.9,225
103,2015-04-19,29.75,16.75,4,3,1,-1.4,-1.9,424.0,20,137,-30,153.0,259
104,2015-04-20,44.666666666666664,19.0,3,1,1,0.6,1.4,401.0,23,128,-12,151.0,178
105,2015-04-21,19.363636363636363,9.454545454545455,11,1,1,-0.3,0.7,556.0,37,127,-28,155.3,366
106,2015-04-22,14.9,7.3,10,1,1,-0.1,0.6,535.0,23,138,-21,151.8,208
107,2015-04-23,14.9,10.0,10,0,0,0.6,1.0,442.0,13,117,-15,142.0,85
108,2015-04-24,24.2,12.6,10,0,0,-0.5,-0.5,380.0,7,83,-17,136.0,85
109,2015-04-25,46.0,23.5,2,0,0,0.7,1.0,341.0,0,69,-6,127.4,44
110,2015-04-26,15.2,9.0,5,0,0,1.1,1.5,309.0,3,65,0,120.0,52
111,2015-04-28,9.0,6.0,1,0,0,-0.9,-1.7,313.0,13,41,-21,109.2,182
112,2015-04-29,21.0,10.0,2,0,0,-0.4,-1.6,298.0,10,30,-12,105.5,118
113,2015-04-30,115.0,71.0,3,0,0,0.7,1.6,322.0,10,15,-5,103.3,92
114,2015-05-01,12.5,6.0,2,0,0,1.1,2.3,387.0,13,19,-4,101.4,73
115,2015-05-02,13.0,7.0,5,0,0,0.1,1.4,408.0,17,34,-4,107.3,117
116,2015-05-03,23.125,12.875,8,0,0,-0.2,0.6,385.0,17,44,-12,112.9,136
117,2015-05-04,14.0,7.8,10,0,0,0.1,0.7,374.0,17,103,-9,125.4,102
118,2015-05-05,13.136363636363637,6.863636363636363,22,0,0,0.3,0.4,366.0,13,104,-8,130.0,159
119,2015-05-06,9.9,5.3,10,0,0,-0.2,1.6,443.0,33,124,-15,138.6,383
120,2015-05-07,14.75,6.75,8,0,0,6.5,6.9,412.0,17,145,-11,149.2,48
121,2015-05-08,15.11111111111111,8.333333333333334,9,0,0,0.3,-0.6,383.0,13,150,-9,152.6,155
122,2015-05-09,31.0,13.8,5,0,0,1.2,1.1,386.0,17,139,2,157.5,76
123,2015-05-10,23.285714285714285,13.0,7,1,1,-2.6,-1.0,369.0,20,163,-15,163.1,246
124,2015-05-11,17.714285714285715,8.857142857142858,7,0,0,-4.2,-3.7,355.0,27,163,-39,166.2,522
125,2015-05-12,29.5,15.75,4,1,1,-2.1,-2.6,364.0,30,165,-33,166.5,449
126,2015-05-13,26.4,16.8,5,16,1,-0.5,-1.6,638.0,50,172,-60,160.3,615
127,2015-05-14,25.333333333333332,16.555555555555557,9,0,0,1.2,0.9,663.0,20,164,-31,148.2,181
128,2015-05-15,10.75,6.0,8,0,0,-0.0,-0.3,530.0,17,124,-23,139.5,215
129,2015-05-16,20.0,11.0,1,0,0,0.1,-0.4,446.0,13,103,-16,134.0,165
130,2015-05-17,10.0,4.666666666666667,3,0,0,1.4,1.4,387.0,13,89,-8,122.3,122
131,2015-05-18,15.0,9.0,4,0,0,2.2,3.0,384.0,23,101,-5,117.6,174
132,2015-05-19,23.6,9.6,5,2,1,2.5,3.8,505.0,23,77,-27,112.9,172
133,2015-05-20,23.428571428571427,12.285714285714286,7,1,1,-0.8,-0.6,458.0,17,59,-21,108.2,186
134,2015-05-21,24.375,10.625,8,0,0,-0.8,-0.2,403.0,3,50,-15,104.3,71
135,2015-05-22,46.6,20.6,5,0,0,0.6,0.9,372.0,3,73,-8,101.6,57
136,2015-05-23,8.375,5.5,8,0,0,-0.1,-0.2,333.0,7,72,2,100.2,62
137,2015-05-25,46.5,25.5,2,0,0,0.4,0.2,320.0,3,67,1,99.0,58
138,2015-05-26,28.375,10.875,8,0,0,-0.3,-0.1,311.0,13,53,3,97.0,148
139,2015-05-27,24.25,12.75,4,0,0,-0.5,-0.2,297.0,10,14,-2,97.8,146
140,2015-05-28,29.0,14.5,2,0,0,0.1,0.4,322.0,17,12,-2,95.5,146
141,2015-05-30,16.333333333333332,8.666666666666666,3,0,0,0.6,1.1,392.0,10,31,7,97.7,76
142,2015-05-31,27.25,12.0,4,0,0,-0.9,-0.2,362.0,10,29,2,97.0,99
143,2015-06-01,13.0,7.0,1,0,0,0.0,0.3,339.0,17,27,-3,103.2,175
144,2015-06-02,15.25,6.5,4,0,0,3.0,3.3,330.0,3,44,5,103.9,52
145,2015-06-03,72.0,52.0,2,0,0,0.8,1.3,315.0,7,49,6,111.6,72
146,2015-06-04,47.4,20.0,5,0,0,0.8,1.1,278.0,3,80,8,121.4,65
147,2015-06-05,26.0,12.2,5,0,0,0.6,0.9,280.0,3,90,13,129.7,52
148,2015-06-06,36.25,21.0,4,0,0,0.8,1.1,307.0,10,109,19,136.6,89
149,2015-06-07,20.0,8.0,6,0,0,3.7,3.5,327.0,17,124,18,141.4,131
150,2015-06-08,7.0,3.5,2,2,1,-1.2,-1.8,556.0,43,112,-35,138.2,496
151,2015-06-09,19.0,12.0,2,0,0,0.1,0.0,627.0,27,92,-27,140.6,336
152,2015-06-10,37.54545454545455,18.727272727272727,11,0,0,0.2,-0.0,634.0,27,93,-19,139.5,358
153,2015-06-11,15.65,10.0,20,0,0,-0.2,-0.3,573.0,20,95,-18,144.2,249
154,2015-06-12,11.11111111111111,7.222222222222222,9,0,0,0.0,0.1,478.0,17,98,0,141.0,131
155,2015-06-13,16.0,10.666666666666666,15,0,0,-0.8,-0.8,484.0,23,97,-7,140.3,252
156,2015-06-14,56.42857142857143,29.714285714285715,7,2,1,1.0,1.2,528.0,30,90,-11,135.8,339
157,2015-06-15,15.6,8.4,5,0,0,-1.2,-1.0,563.0,27,54,-17,139.1,393
158,2015-06-16,42.111111111111114,28.88888888888889,9,0,0,0.2,0.5,512.0,23,70,-16,140.5,257
159,2015-06-17,25.75,16.5,4,0,0,-0.9,-0.9,487.0,27,80,-26,140.2,429
160,2015-06-18,42.09090909090909,22.636363636363637,11,0,0,-0.4,-0.3,422.0,17,77,-16,155.7,184
161,2015-06-19,23.333333333333332,13.833333333333334,6,0,0,-0.2,-0.3,363.0,7,68,-12,141.8,121
162,2015-06-20,40.25,22.25,4,0,0,0.2,0.3,301.0,3,64,-2,139.8,51
163,2015-06-21,38.5,21.4,10,0,0,0.7,0.8,304.0,13,61,14,136.0,72
164,2015-06-22,44.5,27.5,6,3,1,0.4,0.8,457.0,43,56,-17,255.0,560
165,2015-06-23,14.666666666666666,9.0,3,37,1,-1.9,-1.7,627.0,53,45,-127,119.9,555
166,2015-06-24,17.6,10.0,5,2,1,-0.3,-0.4,615.0,30,36,-64,113.1,345
167,2015-06-25,26.666666666666668,8.0,3,3,1,-0.7,-0.4,602.0,40,27,-54,105.2,456
168,2015-06-26,6.666666666666667,3.8333333333333335,12,0,0,-0.8,-0.7,518.0,17,23,-48,104.6,189
169,2015-06-27,19.0,7.5,2,0,0,1.3,1.2,578.0,20,21,-32,100.5,144
170,2015-06-28,7.8,4.4,5,0,0,-0.9,-1.1,454.0,27,32,-38,100.5,313
171,2015-06-29,18.285714285714285,10.571428571428571,7,0,0,2.0,1.9,401.0,13,39,-23,100.4,98
172,2015-06-30,29.6,14.6,5,0,0,0.2,0.1,379.0,13,41,-12,104.2,104
173,2015-07-01,29.0,21.0,2,0,0,0.7,0.5,390.0,10,54,-15,113.3,103
174,2015-07-02,83.33333333333333,42.833333333333336,6,0,0,0.0,-0.1,365.0,3,75,-15,117.6,73
175,2015-07-03,12.5,6.9,10,0,0,0.9,0.6,319.0,3,88,-5,116.1,61
176,2015-07-04,15.0,7.0,3,0,0,0.1,0.3,373.0,23,99,-2,120.7,278
177,2015-07-05,27.6,12.4,5,0,0,-0.6,-0.2,497.0,33,109,-53,129.0,346
178,2015-07-06,13.416666666666666,8.083333333333334,12,0,0,-0.8,-0.4,499.0,20,97,-40,137.9,285
179,2015-07-07,23.0,12.0,7,0,0,-0.1,0.2,448.0,10,112,-27,137.1,111
180,2015-07-08,10.0,6.0,1,0,0,-1.3,-0.9,388.0,10,123,-20,133.2,161
181,2015-07-09,15.0,6.5,2,0,0,-0.7,-0.5,366.0,10,110,-13,126.0,132
182,2015-07-10,8.0,4.0,3,0,0,-0.3,-0.0,341.0,13,103,-5,133.3,98
183,2015-07-11,14.0,7.5,2,0,0,0.5,-0.3,580.0,37,92,-23,124.3,344
184,2015-07-12,28.0,16.5,2,0,0,-0.1,-0.3,590.0,27,71,-24,119.9,312
185,2015-07-13,5.0,3.0,1,1,1,-3.4,-3.7,546.0,40,53,-50,113.8,667
186,2015-07-14,55.833333333333336,17.0,6,0,0,2.2,2.6,453.0,13,43,-29,108.7,133
187,2015-07-16,20.0,11.0,1,0,0,0.4,-0.0,493.0,17,50,-24,102.9,216
188,2015-07-17,12.0,6.0,1,0,0,0.0,-0.4,420.0,10,50,-19,100.6,133
189,2015-07-18,24.0,14.0,1,0,0,-0.1,-0.5,338.0,7,58,-13,99.1,94
190,2015-07-19,227.5,86.5,2,0,0,0.0,-0.3,304.0,3,44,-5,102.6,64
191,2015-07-20,36.0,16.5,4,0,0,1.0,0.4,292.0,7,36,3,96.3,120
192,2015-07-21,33.0,14.0,2,0,0,2.4,1.5,368.0,20,36,1,94.0,157
193,2015-07-22,7.0,3.0,1,0,0,1.0,0.0,354.0,17,36,-4,91.9,163
194,2015-07-24,16.333333333333332,8.222222222222221,9,0,0,0.3,-0.3,424.0,13,31,-32,95.2,171
195,2015-07-26,6.25,4.0,4,0,0,1.2,0.2,423.0,17,40,-25,100.1,171
196,2015-07-27,24.333333333333332,7.0,3,0,0,0.6,-0.1,471.0,20,51,-19,103.2,263
197,2015-07-28,9.0,4.0,1,0,0,-0.6,-0.9,443.0,17,62,-22,104.2,245
198,2015-07-30,25.0,18.0,1,0,0,-1.0,-0.9,364.0,23,76,-6,105.1,220
199,2015-07-31,13.0,7.0,1,0,0,0.1,1.6,491.0,27,69,-20,103.8,290
200,2015-08-01,12.8,7.2,5,0,0,0.5,1.3,557.0,20,64,-12,106.0,169
201,2015-08-02,30.0,16.571428571428573,7,0,0,-0.5,0.2,575.0,23,53,-16,104.5,214
202,2015-08-03,19.0,11.0,1,0,0,-0.0,0.5,498.0,17,61,-10,108.7,139
203,2015-08-04,15.0,5.0,1,0,0,-0.8,-0.1,440.0,17,90,-7,109.9,171
204,2015-08-05,8.5,4.333333333333333,6,0,0,-0.0,0.3,394.0,10,94,-5,115.5,107
205,2015-08-06,21.0,12.25,4,0,0,0.5,-1.0,484.0,23,108,-9,125.1,279
206,2015-08-07,17.642857142857142,10.142857142857142,14,2,1,0.7,-0.5,519.0,30,112,-19,125.5,356
207,2015-08-08,21.8,12.4,5,5,1,1.0,-0.6,493.0,23,93,-23,124.4,340
208,2015-08-09,53.0,22.0,1,1,1,-0.0,-0.6,514.0,23,76,-18,117.6,292
209,2015-08-10,7.0,5.0,2,0,0,0.4,-0.4,497.0,20,69,-19,109.1,275
210,2015-08-11,9.0,5.714285714285714,7,0,0,0.1,-1.2,422.0,17,78,-17,105.6,196
211,2015-08-12,74.0,31.5,2,0,0,0.0,-1.3,395.0,23,66,-16,101.9,287
212,2015-08-13,16.5,8.5,6,0,0,-2.6,-2.9,378.0,20,55,-31,97.3,346
213,2015-08-14,10.333333333333334,6.666666666666667,6,0,0,3.3,1.9,341.0,7,46,-12,95.7,63
214,2015-08-15,41.666666666666664,24.833333333333332,6,0,0,-0.2,-2.1,426.0,40,39,-35,91.7,435
215,2015-08-16,15.0,9.0,2,5,1,0.2,-1.8,517.0,40,38,-61,87.8,562
216,2015-08-17,9.0,5.0,1,1,1,-1.0,-1.7,554.0,37,33,-45,89.2,507
217,2015-08-19,36.0,20.0,1,4,1,-1.1,-2.9,467.0,33,50,-40,100.6,469
218,2015-08-20,24.47,13.9,10,0,0,1.9,0.7,482.0,27,65,-23,105.3,245
219,2015-08-21,29.25,19.125,8,0,0,0.8,0.2,458.0,13,73,-16,121.4,104
220,2015-08-22,16.333333333333332,11.666666666666666,15,0,0,-0.5,-0.8,383.0,20,71,-20,119.6,238
221,2015-08-23,16.666666666666668,8.833333333333334,6,0,0,-0.9,-2.0,489.0,37,81,-30,136.1,375
222,2015-08-24,8.263157894736842,4.894736842105263,19,0,0,0.0,-0.5,464.0,17,81,-24,130.6,183
223,2015-08-25,10.947368421052632,6.2631578947368425,19,0,0,-0.8,-1.9,397.0,20,69,-21,123.9,272
224,2015-08-26,10.0,8.5,2,1,1,-3.5,-5.6,398.0,40,47,-45,128.9,666
225,2015-08-27,27.4,20.0,5,3,1,-6.6,-7.9,358.0,50,55,-79,112.5,761
226,2015-08-28,14.210526315789474,8.052631578947368,19,8,1,-8.3,-6.0,360.0,47,44,-76,111.3,638
227,2015-08-29,36.666666666666664,23.0,6,0,0,-0.1,1.2,452.0,27,56,-34,102.1,218
228,2015-08-30,43.0,42.0,3,0,0,-0.1,0.8,424.0,10,56,-21,93.4,78
229,2015-08-31,23.5,19.0,2,0,0,-0.7,0.7,386.0,10,35,-16,92.7,79
230,2015-09-02,10.0,5.0,1,0,0,0.5,0.6,382.0,17,36,-6,89.8,127
231,2015-09-03,21.428571428571427,7.571428571428571,7,0,0,-0.3,-1.4,421.0,17,29,-9,88.0,202
232,2015-09-04,126.5,77.5,2,1,1,0.7,-1.7,470.0,33,37,-32,91.5,395
233,2015-09-05,8.0,4.0,2,0,0,0.7,-0.4,466.0,27,27,-20,86.8,236
234,2015-09-11,13.857142857142858,6.714285714285714,7,4,1,0.5,-0.4,557.0,50,81,-48,94.1,474
235,2015-09-13,11.666666666666666,4.333333333333333,3,0,0,-0.3,-1.2,463.0,23,83,-31,100.0,293
236,2015-09-14,7.6,4.4,5,0,0,0.9,-0.5,466.0,27,56,-29,97.7,273
237,2015-09-15,8.636363636363637,5.181818181818182,11,2,1,0.7,-0.4,494.0,30,68,-29,102.2,335
238,2015-09-16,34.27272727272727,24.454545454545453,11,0,0,0.3,-0.4,479.0,23,86,-20,110.6,194
239,2015-09-17,13.941176470588236,7.705882352941177,17,0,0,0.5,-0.5,453.0,20,75,-23,107.9,212
240,2015-09-18,78.875,47.125,8,0,0,-1.0,-2.4,420.0,27,71,-24,103.8,312
241,2015-09-19,36.666666666666664,27.333333333333332,3,0,0,-0.2,0.5,415.0,27,64,-20,106.7,252
242,2015-09-20,26.875,16.875,8,1,1,-0.1,-1.8,513.0,43,65,-47,111.3,477
243,2015-09-21,9.857142857142858,5.571428571428571,7,0,0,3.2,2.6,537.0,20,78,-25,104.2,118
244,2015-09-22,10.0,4.0,2,2,1,1.0,1.7,578.0,23,86,-16,107.8,126
245,2015-09-23,13.214285714285714,6.785714285714286,14,1,1,0.8,1.4,506.0,23,96,-18,111.4,206
246,2015-09-24,15.5,6.5,8,0,0,-0.2,0.7,465.0,17,101,-18,107.4,136
247,2015-09-25,11.0,6.0,4,0,0,-0.1,0.8,476.0,17,152,-10,120.5,141
248,2015-09-26,9.333333333333334,4.5,6,0,0,0.5,1.5,430.0,10,162,-7,120.8,68
249,2015-09-27,14.933333333333334,8.266666666666667,15,0,0,0.3,1.9,416.0,7,169,-5,128.1,45
250,2015-09-28,23.0,12.333333333333334,18,0,0,-0.7,0.6,366.0,7,156,-4,124.5,61
251,2015-09-29,12.705882352941176,6.0588235294117645,17,0,0,-0.2,0.3,345.0,10,120,-11,129.6,94
252,2015-09-30,12.0,6.9,10,0,0,0.1,0.7,313.0,3,95,4,131.5,37
253,2015-10-01,23.25,19.375,8,1,1,-2.0,-2.6,322.0,20,89,-10,120.0,319
254,2015-10-02,12.4375,6.25,16,2,1,-0.5,-3.5,353.0,27,59,-31,107.6,340
255,2015-10-03,24.75,18.583333333333332,12,0,0,-0.7,-2.2,383.0,23,50,-30,97.0,342
256,2015-10-04,15.5,6.0,2,3,1,-1.6,-3.6,445.0,30,21,-45,88.3,462
257,2015-10-05,123.0,22.0,1,0,0,-0.2,-1.6,458.0,30,18,-36,82.6,375
258,2015-10-06,189.0,177.0,1,0,0,-2.2,-3.0,398.0,33,25,-34,81.3,410
259,2015-10-07,15.0,7.666666666666667,3,40,1,-1.6,-4.7,524.0,57,32,-75,80.4,697
260,2015-10-08,7.5,5.5,2,11,1,-0.1,-1.0,741.0,50,36,-66,79.5,646
261,2015-10-09,43.0,5.0,1,1,1,-0.6,-1.0,671.0,40,26,-48,81.0,476
262,2015-10-10,11.0,6.0,1,0,0,0.6,0.0,596.0,23,12,-43,81.2,249
263,2015-10-11,66.0,36.5,2,0,0,-0.3,-0.9,470.0,27,31,-36,84.3,278
264,2015-10-12,29.333333333333332,15.666666666666666,3,0,0,-0.0,-1.2,477.0,33,52,-31,88.7,359
265,2015-10-13,33.44444444444444,11.777777777777779,9,0,0,-0.4,-1.1,534.0,37,62,-35,95.2,418
266,2015-10-14,22.428571428571427,9.142857142857142,7,3,1,-1.0,-1.8,500.0,37,54,-41,100.2,398
267,2015-10-15,16.842105263157894,12.157894736842104,19,0,0,1.0,-0.7,452.0,20,51,-26,106.1,227
268,2015-10-16,11.636363636363637,6.2727272727272725,11,1,1,-0.5,-0.6,392.0,17,54,-22,108.4,160
269,2015-10-17,13.266666666666667,7.933333333333334,15,0,0,-2.4,-2.3,353.0,23,74,-15,115.8,228
270,2015-10-18,16.25,10.25,4,2,1,-0.6,-1.8,415.0,33,72,-33,118.6,314
271,2015-10-19,9.88888888888889,5.555555555555555,9,0,0,0.8,0.3,395.0,10,91,-22,122.7,54
272,2015-10-20,7.5,3.8333333333333335,6,0,0,-0.5,-1.2,370.0,20,95,-16,121.7,193
273,2015-10-21,10.444444444444445,6.222222222222222,9,1,1,0.5,0.8,411.0,23,88,-9,127.8,161
274,2015-10-22,249.5,100.5,2,0,0,0.2,0.9,409.0,13,104,-14,119.3,116
275,2015-10-23,12.0,5.5,4,1,1,0.5,1.4,450.0,13,90,-9,113.7,111
276,2015-10-24,40.285714285714285,20.0,7,0,0,0.2,1.2,445.0,20,77,-5,105.2,144
277,2015-10-25,22.0,13.0,2,0,0,2.4,3.8,464.0,17,67,-2,105.2,88
278,2015-10-26,17.0,8.0,3,0,0,1.5,1.7,423.0,3,74,-8,104.9,27
279,2015-10-27,83.05416666666667,60.625,8,0,0,-0.8,-1.4,366.0,7,67,-10,108.7,73
280,2015-10-28,22.0,10.666666666666666,6,0,0,0.3,0.3,322.0,3,79,-3,110.7,29
281,2015-10-29,10.571428571428571,5.428571428571429,14,0,0,0.7,-0.3,305.0,10,91,0,111.4,90
282,2015-10-30,19.133333333333333,9.466666666666667,15,0,0,0.0,-0.9,319.0,20,88,-11,119.5,160
283,2015-10-31,18.428571428571427,8.214285714285714,14,0,0,0.8,-0.6,338.0,13,83,-9,116.7,109
284,2015-11-01,32.125,20.1875,16,0,0,-1.4,-2.3,346.0,20,86,-24,122.4,279
285,2015-11-02,16.88888888888889,8.444444444444445,9,0,0,0.5,1.4,324.0,10,104,-5,120.1,82
286,2015-11-03,18.428571428571427,9.571428571428571,7,8,1,0.8,-0.4,534.0,40,84,-18,122.2,371
287,2015-11-04,15.666666666666666,8.083333333333334,12,13,1,0.5,-0.6,658.0,40,105,-36,112.0,482
288,2015-11-05,29.0,12.0,1,1,1,-0.9,-0.9,546.0,30,85,-31,108.1,282
289,2015-11-06,17.857142857142858,10.142857142857142,7,0,0,0.8,-0.1,504.0,27,81,-20,113.2,193
290,2015-11-07,22.5,10.5,4,31,1,-3.8,-2.1,568.0,40,84,-60,112.9,545
291,2015-11-08,6.0,3.0,1,3,1,2.8,1.7,487.0,23,76,-36,105.7,330
292,2015-11-09,39.0,23.0,1,4,1,-1.5,-2.4,509.0,40,67,-44,105.6,551
293,2015-11-10,18.4,7.0,5,0,0,-0.6,-1.6,658.0,43,71,-41,103.3,538
294,2015-11-11,224.0,124.5,2,0,0,-0.4,-0.7,670.0,33,63,-30,102.9,343
295,2015-11-12,17.0,12.0,2,0,0,-0.2,-0.3,495.0,10,60,-26,101.4,88
296,2015-11-13,16.0,7.0,1,1,1,-0.8,-1.1,415.0,27,50,-18,100.8,243
297,2015-11-15,12.0,6.0,1,0,0,1.4,0.2,406.0,20,58,-10,103.5,173
298,2015-11-16,18.0,9.0,1,0,0,-1.5,-2.9,379.0,27,43,-28,103.2,387
299,2015-11-17,9.5,5.0,2,0,0,-0.2,-1.1,367.0,20,35,-13,104.6,150
300,2015-11-18,36.0,12.5,2,1,1,-1.3,-0.8,393.0,27,29,-15,105.1,251
301,2015-11-19,9.0,4.0,1,0,0,2.3,2.4,434.0,17,41,-20,105.6,110
302,2015-11-20,7.0,3.0,1,0,0,3.0,4.0,388.0,10,53,-2,108.4,48
303,2015-11-21,17.6,8.4,5,0,0,0.0,0.9,385.0,7,59,-5,119.2,51
304,2015-11-22,24.428571428571427,16.285714285714285,7,0,0,0.0,0.7,340.0,3,70,-4,119.9,36
305,2015-11-23,46.2,21.4,5,0,0,0.5,0.6,325.0,3,55,0,116.7,37
306,2015-11-25,78.0,59.0,1,0,0,1.4,1.9,272.0,0,62,9,106.2,18
307,2015-11-26,50.0,17.333333333333332,3,0,0,-0.6,-0.8,265.0,3,64,6,101.2,74
308,2015-11-28,66.0,27.0,1,0,0,-0.8,0.6,309.0,17,52,4,94.0,124
309,2015-11-30,27.5,13.5,2,3,1,-0.3,-0.7,491.0,30,48,-18,93.1,266
310,2015-12-01,21.0,13.0,1,0,0,-1.0,-1.3,497.0,27,32,-20,91.9,305
311,2015-12-02,35.5,16.5,2,1,1,-0.9,-1.4,429.0,20,49,-22,92.6,207
312,2015-12-03,44.0,27.0,1,0,0,0.7,0.3,400.0,7,36,-12,91.8,52
313,2015-12-04,9.0,6.0,1,0,0,0.1,-0.4,366.0,10,33,-8,94.8,77
314,2015-12-05,14.4,7.0,5,2,1,-0.2,-0.8,413.0,27,49,-11,97.6,265
315,2015-12-06,35.5,13.5,2,5,1,-2.0,-2.4,509.0,37,54,-23,99.3,408
316,2015-12-07,57.0,26.5,4,3,1,0.4,-0.3,590.0,33,60,-18,97.8,324
317,2015-12-08,27.0,15.0,2,1,1,-0.4,-0.5,555.0,23,57,-18,107.9,170
318,2015-12-09,18.5,13.5,4,0,0,0.6,0.4,460.0,20,77,-8,105.5,138
319,2015-12-10,32.666666666666664,23.0,3,1,1,-0.3,-0.5,562.0,37,82,-14,105.2,344
320,2015-12-11,18.25,5.75,4,4,1,-0.0,-0.2,643.0,33,81,-15,110.3,351
321,2015-12-12,19.555555555555557,8.555555555555555,9,0,0,-0.5,-0.6,580.0,23,83,-15,113.1,190
322,2015-12-13,9.0,4.0,1,0,0,-0.3,-0.4,498.0,17,81,-9,118.7,114
323,2015-12-14,11.5,6.0,4,0,0,-1.8,-2.0,434.0,30,86,-17,120.2,289
324,2015-12-15,49.5,25.5,2,1,1,0.4,0.6,521.0,27,65,-33,115.2,201
325,2015-12-16,219.5,119.5,2,0,0,0.8,0.9,513.0,10,63,-22,122.2,94
326,2015-12-17,31.5,15.5,2,0,0,-0.3,-0.2,440.0,13,56,-14,114.0,138
327,2015-12-18,91.33333333333333,55.333333333333336,3,0,0,0.1,0.1,404.0,10,53,-14,113.3,63
328,2015-12-19,53.25,26.25,4,0,0,-0.4,-0.2,406.0,17,50,0,115.2,160
329,2015-12-20,29.571428571428573,16.285714285714285,7,52,1,10.3,10.2,418.0,57,21,-73,112.8,726
330,2015-12-21,12.818181818181818,8.090909090909092,11,34,1,-6.5,-6.1,394.0,40,18,-100,117.8,331
331,2015-12-22,49.75,23.0,4,0,0,0.7,0.6,434.0,27,73,-42,125.8,157
332,2015-12-23,26.333333333333332,12.0,3,0,0,-0.1,-0.1,458.0,23,68,-28,129.5,175
333,2015-12-24,853.5,79.0,2,0,0,1.2,1.0,496.0,23,68,-18,128.4,164
334,2015-12-25,38.0,21.0,2,2,1,1.8,1.8,508.0,20,77,-14,122.3,94
335,2015-12-26,39.0,15.4,5,3,1,0.9,0.7,535.0,27,64,-13,113.5,170
336,2015-12-27,13.5,5.5,2,1,1,-0.0,-0.1,535.0,23,67,-17,106.7,159
337,2015-12-28,9.0,6.0,1,0,0,0.4,0.4,442.0,13,70,-9,108.4,82
338,2015-12-29,26.333333333333332,13.666666666666666,3,0,0,-1.3,-1.3,395.0,17,58,-9,101.9,124
339,2015-12-30,31.428571428571427,19.571428571428573,7,0,0,-0.0,0.2,359.0,7,35,-7,98.1,73
340,2015-12-31,10.75,6.375,8,23,1,-3.9,-3.7,445.0,43,22,-30,93.0,521
341,2016-01-01,28.428571428571427,13.428571428571429,7,64,1,-3.6,-3.7,431.0,33,37,-68,95.1,374
342,2016-01-03,7.0,4.0,1,0,0,-0.1,0.1,455.0,17,51,-18,98.5,117
343,2016-01-04,7.0,4.0,1,3,1,0.5,0.6,427.0,13,70,-14,92.2,64
344,2016-01-06,25.875,14.875,8,2,1,-0.1,0.2,574.0,30,31,-19,96.9,260
345,2016-01-07,7.8,3.8,5,4,1,-0.6,-0.3,565.0,27,61,-16,99.9,237
346,2016-01-08,17.0,10.0,3,0,0,-0.2,0.2,513.0,17,86,-17,104.9,139
347,2016-01-10,8.0,4.0,1,1,1,-0.3,0.0,442.0,20,90,-9,105.4,132
348,2016-01-11,31.333333333333332,16.666666666666668,3,3,1,-1.0,-1.5,491.0,27,47,-15,104.5,211
349,2016-01-12,19.5,9.0,2,4,1,2.0,1.7,556.0,27,40,-21,102.0,180
350,2016-01-13,18.333333333333332,9.666666666666666,6,1,1,-0.0,-0.5,541.0,27,38,-20,100.7,186
351,2016-01-14,13.0,4.0,1,0,0,-0.2,-0.5,492.0,20,41,-17,99.9,147
352,2016-01-15,11.0,5.571428571428571,7,0,0,-0.0,-0.2,401.0,13,45,-19,100.1,80
353,2016-01-16,9.333333333333334,5.833333333333333,6,1,1,1.8,1.5,364.0,7,44,-5,96.7,41
354,2016-01-17,36.0,13.0,1,3,1,-0.3,-0.5,328.0,7,58,-8,97.4,87
355,2016-01-18,38.0,27.0,1,1,1,-1.1,-0.4,309.0,7,54,-6,96.7,88
356,2016-01-19,24.0,12.25,4,5,1,3.5,3.8,361.0,20,66,-7,94.4,155
357,2016-01-20,8.727272727272727,4.636363636363637,11,7,1,-5.1,-5.0,356.0,37,62,-54,97.2,422
358,2016-01-21,33.75,18.75,4,11,1,0.9,-0.7,460.0,40,64,-50,100.7,363
359,2016-01-22,24.666666666666668,15.333333333333334,3,0,0,0.9,0.2,517.0,27,67,-34,97.3,182
360,2016-01-23,11.0,4.0,1,0,0,-0.1,-0.5,511.0,23,63,-26,95.8,176
361,2016-01-24,46.0,20.555555555555557,9,1,1,0.8,0.5,462.0,20,48,-14,100.6,146
362,2016-01-25,10.25,5.0,8,0,0,1.6,1.4,427.0,3,67,-13,104.3,32
363,2016-01-26,55.333333333333336,24.833333333333332,6,0,0,2.2,2.3,357.0,7,69,-3,111.3,38
364,2016-01-27,16.6,7.0,5,0,0,1.5,2.0,354.0,10,83,0,109.3,45
365,2016-01-28,16.0,8.2,5,0,0,-1.0,0.3,345.0,10,77,-12,106.6,116
366,2016-01-29,42.77777777777778,21.0,9,0,0,-1.4,-0.4,315.0,7,64,-11,103.7,57
367,2016-01-30,8.0,5.0,1,0,0,-1.0,-0.4,276.0,3,36,-5,102.0,50
368,2016-01-31,9.2,4.4,5,2,1,-6.2,-5.0,286.0,20,35,-23,98.3,312
369,2016-02-01,9.25,5.0,4,2,1,-2.0,-0.8,295.0,13,44,-31,97.3,197
370,2016-02-02,46.75,17.75,4,0,0,-0.2,-0.9,295.0,13,52,-3,99.1,117
371,2016-02-03,38.45454545454545,18.363636363636363,11,9,1,1.1,2.1,373.0,20,83,-30,108.9,186
372,2016-02-04,9.88888888888889,5.555555555555555,9,0,0,1.5,3.3,425.0,13,108,-3,119.8,82
373,2016-02-05,50.25,22.25,8,0,0,-1.4,-0.6,465.0,23,103,-13,116.3,186
374,2016-02-06,24.142857142857142,13.857142857142858,7,0,0,-0.5,-0.2,443.0,17,79,-8,113.9,128
375,2016-02-07,11.4,5.4,5,2,1,-2.0,-1.7,396.0,17,89,-12,113.9,262
376,2016-02-08,12.5,4.5,4,5,1,-0.4,-0.7,401.0,23,89,-29,112.1,216
377,2016-02-09,23.916666666666668,13.5,12,0,0,2.2,0.2,402.0,20,84,-10,114.1,147
378,2016-02-10,15.5,7.333333333333333,6,1,1,-0.9,-1.7,372.0,10,75,-17,109.2,110
379,2016-02-11,32.75,20.5,4,2,1,-2.8,-4.1,337.0,20,85,-24,109.8,268
380,2016-02-12,17.375,8.625,8,1,1,6.5,3.6,352.0,27,63,-17,109.3,176
381,2016-02-13,12.076923076923077,5.923076923076923,13,0,0,4.0,5.4,391.0,17,38,-2,107.5,64
382,2016-02-14,16.555555555555557,6.888888888888889,9,0,0,-0.8,0.0,392.0,23,46,-13,105.4,179
383,2016-02-15,14.555555555555555,9.055555555555555,18,0,0,-1.2,-0.2,405.0,23,50,-8,104.7,165
384,2016-02-16,14.5,8.125,8,9,1,0.5,-1.2,518.0,43,42,-33,101.5,509
385,2016-02-17,13.0,6.5,20,10,1,-0.6,-1.7,572.0,43,38,-41,97.5,472
386,2016-02-18,40.57142857142857,20.714285714285715,7,3,1,0.1,-0.8,616.0,40,36,-45,92.7,386
387,2016-02-19,40.125,16.75,8,0,0,-0.6,-1.0,560.0,30,46,-33,91.9,302
388,2016-02-20,43.5,31.75,4,0,0,0.5,0.1,478.0,13,52,-26,97.8,109
389,2016-02-21,31.4,15.4,5,0,0,-0.8,-1.0,348.0,10,47,-16,93.5,108
390,2016-02-22,9.333333333333334,6.333333333333333,3,0,0,2.1,1.5,340.0,7,34,-6,91.7,45
391,2016-02-23,12.0,8.0,1,0,0,-0.1,-1.0,364.0,13,37,-8,89.1,123
392,2016-02-24,8.727272727272727,5.181818181818182,11,0,0,0.8,-1.0,334.0,17,34,-14,86.1,151
393,2016-02-25,34.4,19.2,5,0,0,2.3,1.1,318.0,13,26,-1,89.9,77
394,2016-02-26,12.666666666666666,5.0,3,0,0,-0.2,1.4,386.0,17,48,-6,87.2,79
395,2016-02-27,10.2,5.8,5,1,1,-0.2,0.9,379.0,7,26,-1,88.6,71
396,2016-02-28,25.666666666666668,12.333333333333334,3,1,1,-0.3,0.7,374.0,7,36,1,91.5,69
397,2016-02-29,33.0,16.5,2,1,1,-0.3,0.6,340.0,10,45,5,89.3,66
398,2016-03-01,40.8,30.6,5,2,1,0.3,2.2,366.0,20,68,6,95.1,105
399,2016-03-02,72.0,37.0,1,2,1,1.4,3.3,422.0,17,78,2,96.5,76
400,2016-03-03,60.0,28.666666666666668,3,0,0,-0.8,0.2,437.0,17,77,-2,97.1,106
401,2016-03-04,31.333333333333332,17.0,3,1,1,0.4,1.2,384.0,7,111,-5,98.9,57
402,2016-03-05,35.25,17.75,4,0,0,0.2,1.3,357.0,7,83,1,94.7,72
403,2016-03-06,13.428571428571429,7.142857142857143,7,8,1,4.8,2.4,397.0,30,78,-8,94.1,290
404,2016-03-08,15.0,6.875,8,0,0,0.1,-0.6,468.0,17,63,-33,94.2,204
405,2016-03-09,18.25,9.25,4,0,0,-0.5,-1.4,387.0,17,91,-24,96.0,163
406,2016-03-10,14.5,7.5,2,5,1,-1.5,-2.6,334.0,17,80,-23,93.7,233
407,2016-03-12,22.5,13.0,2,0,0,0.4,1.2,507.0,23,70,-12,93.9,177
408,2016-03-13,8.0,4.0,1,0,0,1.5,2.1,435.0,7,57,-6,91.5,35
409,2016-03-14,13.0,6.333333333333333,3,5,1,-0.2,-0.1,415.0,20,70,-1,92.4,179
410,2016-03-15,20.0,9.833333333333334,6,26,1,-0.9,-2.2,521.0,37,59,-31,93.1,418
411,2016-03-16,14.0,6.5,2,4,1,0.0,-1.2,498.0,30,79,-30,90.1,371
412,2016-03-17,9.0,3.0,1,1,1,-0.3,-0.9,542.0,37,72,-34,90.7,356
413,2016-03-18,16.333333333333332,8.333333333333334,3,2,1,-0.0,-1.6,440.0,20,47,-23,89.5,273
414,2016-03-19,7.0,4.0,1,3,1,-0.5,-1.6,428.0,27,37,-30,88.6,307
415,2016-03-20,15.25,7.5,4,4,1,-0.4,-1.7,404.0,23,36,-26,86.9,285
416,2016-03-23,64.25,36.0,4,3,1,-0.5,1.1,420.0,20,21,-5,86.2,139
417,2016-03-24,6.0,3.0,2,1,1,0.8,1.7,469.0,13,35,-2,86.0,92
418,2016-03-25,7.0,5.0,1,1,1,-0.0,0.4,508.0,13,34,-8,85.1,102
419,2016-03-26,9.0,3.6666666666666665,3,0,0,0.0,1.3,378.0,3,32,6,85.1,40
420,2016-03-27,13.5,8.5,6,1,1,0.2,2.0,406.0,27,32,4,87.9,151
421,2016-03-28,14.0,6.0,5,0,0,1.2,2.6,478.0,20,30,-1,87.4,120
422,2016-03-29,22.0,10.0,2,0,0,-0.4,0.3,519.0,23,20,-11,87.5,244
423,2016-03-30,12.0,7.0,1,0,0,0.2,0.4,521.0,23,17,-10,83.6,199
424,2016-04-01,6.333333333333333,3.6666666666666665,3,1,1,0.2,0.9,386.0,3,12,0,82.0,40
425,2016-04-02,11.0,6.0,1,14,1,-0.7,-1.5,389.0,23,12,-6,81.5,279
426,2016-04-03,15.5,8.5,2,10,1,0.1,-1.4,424.0,27,12,-30,82.3,308
427,2016-04-04,15.0,7.333333333333333,3,0,0,1.8,-0.4,389.0,13,40,-17,83.5,130
428,2016-04-05,7.75,3.75,4,1,1,0.6,-1.2,377.0,13,33,-12,83.5,132
429,2016-04-06,47.75,18.0,4,0,0,0.2,-1.1,390.0,17,20,-11,87.2,166
430,2016-04-07,44.333333333333336,24.0,6,20,1,-0.6,-1.4,372.0,23,18,-7,92.5,230
431,2016-04-08,10.0,5.0,3,7,1,2.4,3.8,350.0,13,26,-25,98.6,106
432,2016-04-09,32.5,19.5,8,1,1,0.9,1.7,335.0,3,25,-5,105.9,45
433,2016-04-10,169.0,132.0,2,2,1,0.9,1.6,356.0,17,34,0,111.1,94
434,2016-04-11,30.0,10.666666666666666,6,1,1,-0.7,1.1,356.0,10,43,2,117.2,100
435,2016-04-12,18.5,7.0,2,15,1,0.1,-2.2,404.0,30,37,-9,111.9,349
436,2016-04-13,23.5,11.333333333333334,6,22,1,-1.6,-2.6,544.0,37,48,-39,108.8,481
437,2016-04-14,17.428571428571427,9.571428571428571,7,1,1,-3.1,-3.9,452.0,37,46,-38,111.8,525
438,2016-04-15,20.714285714285715,8.857142857142858,7,1,1,0.8,0.9,376.0,17,33,-14,113.2,106
439,2016-04-16,18.166666666666668,7.833333333333333,6,2,1,-0.6,-1.2,410.0,23,42,-19,114.0,337
440,2016-04-17,16.6,7.8,5,3,1,-0.2,-1.6,409.0,33,36,-20,102.9,437
441,2016-04-18,20.333333333333332,12.0,6,1,1,3.2,3.5,383.0,10,31,-8,95.4,47
442,2016-04-19,16.6,9.4,5,0,0,0.6,1.9,360.0,3,28,-4,89.9,37
443,2016-04-20,31.666666666666668,15.833333333333334,6,0,0,-1.5,0.2,339.0,7,25,-5,84.0,105
444,2016-04-21,31.25,11.75,4,0,0,1.6,2.8,402.0,10,26,5,77.5,60
445,2016-04-23,7.0,3.0,1,0,0,0.0,1.2,445.0,23,13,-1,79.6,161
446,2016-04-24,9.0,5.0,2,0,0,1.4,2.5,520.0,23,37,-6,82.8,141
447,2016-04-25,10.666666666666666,5.333333333333333,3,0,0,0.5,1.4,510.0,13,45,-3,82.9,95
448,2016-04-26,9.7,4.9,10,0,0,-0.0,0.4,463.0,13,57,-2,86.3,117
449,2016-04-27,10.625,5.375,8,0,0,-0.5,-0.4,444.0,23,76,-3,93.8,167
450,2016-04-28,9.222222222222221,5.0,9,0,0,0.6,0.9,419.0,10,90,-2,96.3,80
451,2016-04-29,9.666666666666666,4.888888888888889,9,0,0,1.1,1.9,368.0,7,82,7,93.8,39
452,2016-04-30,17.22222222222222,9.11111111111111,9,0,0,-0.1,-0.9,362.0,17,89,5,95.4,199
453,2016-05-01,17.714285714285715,8.428571428571429,7,2,1,-1.6,-2.3,396.0,27,87,-12,93.6,351
454,2016-05-02,16.666666666666668,9.0,3,8,1,-1.5,-2.3,475.0,37,83,-32,91.3,582
455,2016-05-03,13.0,5.0,5,4,1,-0.1,-0.7,534.0,23,73,-26,91.5,262
456,2016-05-04,16.0,8.2,5,0,0,1.2,0.7,445.0,7,71,-17,91.6,79
457,2016-05-05,15.0,5.0,2,0,0,1.0,-0.1,382.0,17,60,-12,88.7,178
458,2016-05-06,14.5,5.0,2,0,0,-0.7,-1.5,394.0,27,57,-17,91.2,369
459,2016-05-07,29.0,9.0,3,0,0,-0.1,0.6,467.0,20,34,-17,89.7,174
460,2016-05-08,13.0,5.0,1,19,1,-4.5,-5.1,558.0,57,44,-65,85.6,829
461,2016-05-09,14.75,8.25,4,2,1,-1.1,-1.7,645.0,37,52,-53,90.2,512
462,2016-05-11,7.666666666666667,4.666666666666667,3,0,0,-0.7,-0.8,482.0,13,79,-28,95.8,148
463,2016-05-12,7.333333333333333,3.3333333333333335,3,0,0,-0.5,-0.9,400.0,7,83,-19,93.9,105
464,2016-05-13,6.25,3.5,4,0,0,-1.2,-1.9,353.0,17,78,-21,95.4,214
465,2016-05-14,9.0,5.214285714285714,14,0,0,-3.0,-3.8,338.0,20,88,-13,103.4,292
466,2016-05-15,33.25,13.333333333333334,12,0,0,-0.3,1.4,411.0,27,87,-13,110.8,229
467,2016-05-16,8.625,4.125,8,0,0,-1.4,-0.6,486.0,27,55,-16,104.3,298
468,2016-05-17,7.25,5.0,4,0,0,0.4,1.0,514.0,27,38,-9,105.6,263
469,2016-05-18,15.0,6.0,1,0,0,0.4,0.7,479.0,17,30,-10,104.7,182
470,2016-05-20,8.285714285714286,4.571428571428571,7,0,0,1.0,2.0,437.0,13,46,0,102.0,90
471,2016-05-21,9.0,4.0,4,0,0,0.2,0.9,481.0,27,18,-9,100.2,271
472,2016-05-22,10.666666666666666,5.666666666666667,3,0,0,0.4,1.1,580.0,17,28,-13,99.8,152
473,2016-05-23,7.714285714285714,3.857142857142857,7,0,0,0.4,0.8,491.0,7,16,-7,99.8,88
474,2016-05-24,10.222222222222221,6.0,9,0,0,0.1,0.6,417.0,10,25,-3,96.7,98
475,2016-05-25,16.0,8.5,2,0,0,0.5,1.0,391.0,3,35,2,96.1,62
476,2016-05-26,8.75,4.5,4,0,0,0.4,0.8,350.0,7,34,8,94.2,59
477,2016-05-27,30.0,15.5,2,0,0,-0.0,-0.7,409.0,23,34,1,92.8,247
478,2016-05-28,17.0,5.0,2,1,1,0.2,-0.3,499.0,27,33,-9,90.1,300
479,2016-05-29,38.5,16.25,4,0,0,-0.1,-0.8,457.0,17,33,-11,85.3,224
480,2016-05-30,10.0,5.333333333333333,6,0,0,-0.3,-0.4,507.0,23,41,-11,88.7,259
481,2016-05-31,11.0,5.0,2,0,0,-0.6,-0.9,470.0,23,36,-7,89.0,261
482,2016-06-01,17.666666666666668,7.666666666666667,3,0,0,0.1,-0.2,451.0,13,41,-9,88.4,145
483,2016-06-07,26.0,17.0,1,0,0,0.3,0.4,490.0,20,12,-12,80.8,207
484,2016-06-08,24.0,12.0,1,0,0,1.2,1.1,436.0,13,14,-14,82.6,152
485,2016-06-09,9.88888888888889,5.555555555555555,9,0,0,-0.1,-0.3,374.0,7,19,-8,87.8,91
486,2016-06-10,11.0,6.2,5,0,0,-1.0,-0.8,353.0,13,33,7,87.5,126
487,2016-06-11,24.2,14.6,10,0,0,-0.3,-0.1,472.0,20,44,-5,90.9,239
488,2016-06-12,13.25,5.75,4,0,0,2.0,2.1,459.0,23,42,4,97.1,185
489,2016-06-13,22.666666666666668,11.333333333333334,6,0,0,1.1,1.2,528.0,20,38,2,93.9,155
490,2016-06-15,13.666666666666666,5.333333333333333,3,0,0,3.3,3.3,607.0,23,40,-6,90.1,213
491,2016-06-16,10.555555555555555,5.0,9,0,0,1.4,1.6,542.0,17,28,-2,91.0,110
492,2016-06-17,11.166666666666666,5.666666666666667,6,0,0,0.3,0.4,564.0,17,39,-4,89.4,193
493,2016-06-18,11.5,7.5,4,0,0,0.5,0.5,591.0,20,47,-5,86.3,209
494,2016-06-19,67.33333333333333,26.333333333333332,3,0,0,0.7,0.6,538.0,10,50,-3,87.9,129
495,2016-06-20,20.0,11.0,1,0,0,1.5,1.4,454.0,10,36,4,87.1,53
496,2016-06-21,191.5,80.0,2,0,0,0.5,0.6,399.0,7,24,2,82.9,52
497,2016-06-24,33.0,15.5,2,1,1,-0.8,-0.6,505.0,27,12,-17,78.2,342
498,2016-06-25,63.0,31.666666666666668,3,0,0,-0.6,-0.6,473.0,17,0,-10,79.6,197
499,2016-06-26,15.333333333333334,5.333333333333333,3,0,0,0.2,0.4,474.0,23,0,-2,79.2,219
500,2016-06-27,32.5,15.5,2,0,0,0.5,0.5,474.0,17,0,-9,78.0,178
501,2016-06-29,34.0,17.0,1,0,0,0.3,0.5,379.0,10,0,-1,76.0,87
502,2016-07-02,10.0,5.0,1,0,0,0.3,0.1,361.0,17,12,5,73.3,137
503,2016-07-03,28.0,8.5,2,0,0,0.2,0.7,446.0,20,19,5,74.8,197
504,2016-07-04,28.0,9.0,2,0,0,-0.7,-0.5,424.0,13,0,-1,76.3,153
505,2016-07-05,440.0,157.0,1,0,0,-0.4,-0.2,364.0,7,13,-1,74.9,94
506,2016-07-07,26.6,11.0,5,1,1,0.3,-0.4,437.0,33,25,0,86.1,358
507,2016-07-08,18.857142857142858,12.142857142857142,7,1,1,-1.0,-1.5,566.0,33,42,-18,90.0,435
508,2016-07-09,12.0,8.666666666666666,3,0,0,0.6,0.2,615.0,27,55,-11,95.3,289
509,2016-07-10,9.0,5.0,3,0,0,0.6,0.6,585.0,23,50,-6,97.6,201
510,2016-07-11,10.0,6.0,1,0,0,0.2,-0.1,511.0,23,62,-12,97.8,255
511,2016-07-12,9.0,4.0,1,0,0,-1.2,-1.7,566.0,33,59,-18,95.5,414
512,2016-07-13,57.0,39.0,2,0,0,0.5,0.3,550.0,17,53,-10,100.0,185
513,2016-07-14,5.0,3.0,1,0,0,0.1,-0.4,547.0,23,58,-7,98.2,253
514,2016-07-15,6.625,3.25,8,0,0,-0.1,-0.4,636.0,23,69,-12,105.4,280
515,2016-07-16,15.4375,7.625,16,0,0,0.1,-0.1,566.0,17,61,-9,110.1,174
516,2016-07-17,99.85714285714286,56.42857142857143,7,0,0,-0.5,-1.0,462.0,13,39,-7,108.6,165
517,2016-07-18,17.0,9.5,2,0,0,0.1,-0.2,396.0,7,64,-5,110.6,75
518,2016-07-19,82.83333333333333,52.666666666666664,6,0,0,-0.3,-0.6,337.0,13,59,2,104.1,69
519,2016-07-20,24.363636363636363,8.363636363636363,11,8,1,4.3,5.3,517.0,30,57,-3,111.5,239
520,2016-07-21,11.238095238095237,5.761904761904762,21,0,0,5.4,5.7,446.0,13,52,-8,103.3,56
521,2016-07-22,17.0,8.857142857142858,7,0,0,-2.4,-2.1,412.0,17,39,-11,93.3,254
522,2016-07-23,15.333333333333334,9.583333333333334,12,0,0,-0.7,-0.0,387.0,17,28,-12,88.9,200
523,2016-07-24,16.666666666666668,8.6,15,0,0,1.3,1.5,402.0,23,13,0,84.8,189
524,2016-07-25,17.333333333333332,7.666666666666667,3,1,1,-2.7,-2.4,432.0,33,0,-27,75.9,454
525,2016-07-26,24.1,10.1,10,0,0,-1.3,-1.1,356.0,10,0,-10,75.9,136
526,2016-07-28,7.0,4.0,1,0,0,-1.5,-1.7,392.0,27,13,-4,72.5,342
527,2016-07-30,21.0,14.0,1,0,0,-0.7,-0.4,461.0,13,21,-8,73.1,121
528,2016-07-31,31.0,15.0,1,0,0,-0.1,0.1,389.0,7,16,0,73.7,76
529,2016-08-04,6.5,4.5,2,0,0,0.4,-0.1,574.0,30,16,-22,78.5,389
530,2016-08-05,12.363636363636363,6.2727272727272725,11,0,0,-0.0,-0.6,618.0,30,38,-20,82.1,315
531,2016-08-06,63.75,23.0,4,0,0,0.5,0.1,603.0,27,39,-19,85.5,288
532,2016-08-07,12.818181818181818,6.363636363636363,11,0,0,0.5,-0.1,554.0,23,53,-13,95.3,227
533,2016-08-08,34.44444444444444,12.444444444444445,9,0,0,0.6,0.3,484.0,23,81,-15,99.0,289
534,2016-08-09,12.75,6.625,8,0,0,0.7,0.1,561.0,27,73,-13,94.9,269
535,2016-08-10,19.2,10.4,5,0,0,-0.4,-0.6,611.0,30,77,-18,97.6,376
536,2016-08-11,13.5,5.75,4,0,0,0.6,0.7,599.0,20,79,-8,97.2,185
537,2016-08-12,20.0,11.0,5,0,0,-0.3,-1.0,552.0,20,73,-16,97.3,243
538,2016-08-13,13.0,5.0,2,0,0,-0.7,-1.1,468.0,10,58,-12,92.9,178
539,2016-08-14,11.4,6.6,5,0,0,0.8,0.3,406.0,7,59,-2,89.4,74
540,2016-08-15,12.0,6.0,1,0,0,0.6,-0.9,330.0,7,64,-2,89.8,104
541,2016-08-16,16.0,10.0,1,0,0,0.1,-1.4,303.0,10,81,1,88.7,124
542,2016-08-17,9.0,4.5,2,0,0,1.8,2.3,363.0,17,58,-2,84.9,164
543,2016-08-18,6.0,3.0,1,0,0,-2.7,-1.7,364.0,13,49,-12,84.4,178
544,2016-08-20,16.0,9.0,1,0,0,0.1,1.0,311.0,7,17,-1,80.0,110
545,2016-08-22,26.2,10.8,5,0,0,-1.3,-0.3,394.0,10,30,0,81.8,116
546,2016-08-23,13.4,7.2,5,8,1,-2.9,-1.8,396.0,27,48,-16,83.1,358
547,2016-08-24,51.0,32.0,1,5,1,0.0,1.4,533.0,30,49,-29,79.7,254
548,2016-08-26,27.5,10.0,2,0,0,0.4,1.4,465.0,13,51,-9,83.6,122
549,2016-08-27,10.0,5.0,1,0,0,-0.2,0.3,418.0,10,59,-5,85.6,112
550,2016-08-28,7.75,3.5,4,0,0,0.8,0.9,376.0,3,64,2,87.1,78
551,2016-08-29,13.25,6.125,8,1,1,0.8,0.5,342.0,13,69,9,89.5,119
552,2016-08-30,30.4,13.0,5,4,1,-0.8,-2.3,404.0,30,73,-10,102.3,330
553,2016-08-31,21.5,8.0,2,0,0,0.7,-0.1,431.0,13,80,-2,99.3,141
554,2016-09-01,11.5,4.5,2,13,1,-0.9,-2.3,483.0,40,78,-31,96.9,552
555,2016-09-02,5.75,3.25,4,18,1,0.1,-0.9,622.0,43,67,-34,96.3,536
556,2016-09-03,19.5,13.0,2,15,1,-0.6,-1.4,667.0,43,65,-39,100.7,667
557,2016-09-04,27.0,13.0,1,11,1,0.5,-0.7,668.0,40,50,-31,99.0,426
558,2016-09-05,29.333333333333332,22.666666666666668,3,3,1,-0.2,-1.1,587.0,30,31,-28,95.3,369
559,2016-09-06,106.0,49.0,1,0,0,-0.3,-0.8,525.0,27,42,-23,93.9,208
560,2016-09-07,9.8,4.6,5,0,0,-0.1,-0.5,488.0,23,58,-18,94.4,233
561,2016-09-08,8.4,4.4,10,0,0,-1.3,-1.8,465.0,27,54,-23,95.9,352
562,2016-09-09,12.833333333333334,6.833333333333333,6,1,1,1.2,0.6,409.0,7,79,-10,92.3,54
563,2016-09-10,16.428571428571427,9.285714285714286,7,0,0,0.4,-0.5,372.0,7,77,-10,94.3,89
564,2016-09-13,7.0,4.0,1,0,0,-1.0,-2.8,285.0,10,39,-7,87.0,131
565,2016-09-14,14.0,4.5,2,0,0,-3.5,-3.2,307.0,20,27,-7,86.2,239
566,2016-09-15,13.5,8.0,2,0,0,0.0,-1.8,301.0,13,15,-15,85.3,226
567,2016-09-16,88.0,14.333333333333334,3,0,0,-0.5,1.4,297.0,7,13,0,84.5,46
568,2016-09-17,13.666666666666666,5.333333333333333,3,0,0,1.0,2.4,304.0,7,14,8,81.0,35
569,2016-09-18,31.666666666666668,11.666666666666666,3,0,0,-1.6,-0.6,335.0,17,39,-3,83.8,138
570,2016-09-19,12.0,6.25,4,0,0,-0.1,2.7,385.0,20,63,-4,83.3,173
571,2016-09-20,9.0,3.0,1,11,1,-0.1,1.5,654.0,33,53,-17,85.2,217
572,2016-09-21,20.428571428571427,8.428571428571429,7,0,0,0.3,1.2,561.0,17,54,-6,86.1,130
573,2016-09-22,20.571428571428573,8.285714285714286,14,0,0,1.2,1.4,469.0,7,36,-2,85.7,60
574,2016-09-23,72.89,40.4,5,0,0,2.8,3.6,394.0,7,60,6,86.1,31
575,2016-09-24,9.666666666666666,4.333333333333333,3,0,0,-0.3,1.7,362.0,10,55,5,85.4,86
576,2016-09-25,21.8,11.4,5,18,1,-1.0,0.2,370.0,33,31,-17,85.1,271
577,2016-09-26,8.333333333333334,3.3333333333333335,3,6,1,-0.9,-2.5,421.0,33,28,-27,87.2,422
578,2016-09-27,17.0,7.833333333333333,6,15,1,0.8,-0.5,543.0,43,26,-32,85.9,450
579,2016-09-28,25.75,13.0,4,13,1,0.3,-0.8,650.0,43,31,-35,84.8,628
580,2016-09-29,8.0,4.0,1,17,1,0.2,-1.2,680.0,43,17,-45,83.0,601
581,2016-10-01,9.0,4.0,1,2,1,-0.2,-0.8,548.0,30,0,-31,81.2,289
582,2016-10-02,11.75,5.5,4,2,1,-0.1,-0.9,514.0,30,15,-25,82.4,345
583,2016-10-04,31.0,16.0,1,6,1,0.3,-0.7,527.0,37,40,-34,93.1,388
584,2016-10-05,6.0,4.0,1,0,0,-0.0,-0.4,510.0,23,41,-24,99.3,205
585,2016-10-06,7.0,3.0,1,0,0,0.7,0.3,442.0,13,56,-14,101.4,114
586,2016-10-07,8.0,4.0,1,0,0,0.3,0.2,429.0,13,59,-17,104.0,123
587,2016-10-08,10.0,4.0,1,0,0,-0.3,-1.1,416.0,17,63,-17,104.1,174
588,2016-10-09,12.0,5.0,1,3,1,-0.1,-1.2,361.0,13,69,-14,104.2,155
589,2016-10-10,15.0,9.0,2,0,0,-0.0,-1.3,357.0,20,66,-16,101.6,220
590,2016-10-12,19.5,9.5,2,0,0,0.5,1.2,370.0,10,41,-4,97.2,51
591,2016-10-13,25.0,8.0,2,10,1,10.9,11.3,411.0,47,41,-53,94.8,610
592,2016-10-14,21.333333333333332,10.0,6,10,1,5.4,1.2,369.0,30,41,-52,92.3,361
593,2016-10-15,127.25,96.25,4,0,0,0.1,1.7,485.0,23,36,-21,84.4,162
594,2016-10-16,52.166666666666664,39.833333333333336,6,0,0,0.6,1.7,627.0,30,32,-19,80.4,240
595,2016-10-17,43.0,24.5,2,1,1,-0.0,0.5,712.0,33,25,-21,75.6,346
596,2016-10-21,6.0,3.0,2,0,0,1.1,1.7,369.0,3,28,-1,77.1,31
597,2016-10-23,6.0,4.0,1,3,1,0.7,-0.2,411.0,20,15,-6,76.0,171
598,2016-10-24,115.0,11.0,1,1,1,-2.0,-3.3,393.0,30,15,-28,74.5,424
599,2016-10-25,12.25,5.75,4,3,1,-0.2,-2.0,557.0,50,17,-45,76.9,664
600,2016-10-26,8.333333333333334,4.666666666666667,3,12,1,-1.0,-1.7,682.0,47,29,-47,77.1,614
601,2016-10-28,12.666666666666666,6.0,6,1,1,-0.6,-0.8,594.0,30,36,-37,78.2,364
602,2016-10-29,11.0,5.0,1,1,1,-0.3,-1.6,603.0,37,23,-49,78.0,515
603,2016-11-01,15.5,9.0,2,0,0,-0.9,-1.5,471.0,23,12,-23,75.4,254
604,2016-11-04,55.0,21.0,1,0,0,1.2,0.8,378.0,10,25,-18,75.4,87
605,2016-11-05,210.0,92.0,1,1,1,0.5,0.3,351.0,3,24,-10,75.3,31
606,2016-11-07,17.0,14.0,1,0,0,0.2,0.6,310.0,7,11,-3,75.1,37
607,2016-11-10,6.0,3.0,1,1,1,0.1,-1.2,381.0,27,24,-24,78.6,340
608,2016-11-12,8.0,4.0,1,0,0,1.0,2.0,610.0,33,12,-14,76.8,262
609,2016-11-13,16.0,7.0,2,0,0,-0.3,0.1,693.0,37,37,-19,76.2,315
610,2016-11-14,7.0,4.0,1,0,0,0.3,1.0,627.0,23,31,-14,75.6,162
611,2016-11-15,18.0,7.0,3,0,0,-0.2,0.1,539.0,17,27,-13,74.9,111
612,2016-11-17,4.0,4.0,1,0,0,-0.2,0.3,389.0,7,29,-5,76.8,60
613,2016-11-19,9.0,4.5,2,0,0,0.2,0.9,323.0,3,23,5,74.9,44
614,2016-11-21,6.0,3.0,1,0,0,0.1,-0.6,338.0,13,0,1,73.1,132
615,2016-11-22,100.25,24.0,4,0,0,1.4,0.4,389.0,23,0,-2,75.4,168
616,2016-11-23,13.333333333333334,5.666666666666667,3,1,1,-1.2,-1.5,441.0,23,11,-17,75.7,244
617,2016-11-25,34.0,21.0,1,2,1,-0.5,-1.3,616.0,40,13,-31,78.8,430
618,2016-11-26,9.0,4.0,1,0,0,0.0,-0.3,632.0,27,24,-21,79.1,249
619,2016-11-27,9.285714285714286,5.0,7,2,1,0.1,-0.5,583.0,20,30,-16,80.4,191
620,2016-11-28,9.714285714285714,4.714285714285714,7,0,0,-0.1,-0.5,467.0,20,42,-10,82.9,144
621,2016-11-29,13.125,7.0,16,0,0,-0.1,-0.4,427.0,13,46,-10,83.1,99
622,2016-11-30,9.214285714285714,5.5,14,0,0,0.5,0.3,370.0,7,52,-5,81.3,57
623,2016-12-01,30.0,23.0,3,0,0,2.9,2.3,364.0,7,55,3,82.1,37
624,2016-12-02,21.0,5.0,1,0,0,-0.9,-1.1,354.0,7,62,-2,82.0,65
625,2016-12-03,30.5,20.5,2,0,0,-0.3,-0.6,313.0,3,52,2,82.2,50
626,2016-12-04,10.272727272727273,5.636363636363637,11,0,0,-0.8,-0.9,286.0,3,38,10,80.0,41
627,2016-12-05,13.0,6.666666666666667,3,0,0,0.6,1.0,306.0,10,35,8,80.3,48
628,2016-12-06,6.666666666666667,3.0,3,0,0,0.2,0.3,341.0,17,33,5,77.4,112
629,2016-12-07,14.833333333333334,7.0,6,2,1,-1.1,-1.5,365.0,20,19,-6,74.9,201
630,2016-12-08,88.0,49.0,1,0,0,-0.2,0.3,558.0,33,14,-12,72.6,321
631,2016-12-09,6.0,4.0,1,5,1,0.3,0.7,644.0,37,20,-17,70.7,336
632,2016-12-10,49.0,27.0,1,2,1,-0.1,0.1,667.0,30,0,-21,70.0,244
633,2016-12-11,10.5,7.0,2,0,0,-0.4,-0.3,608.0,27,12,-10,69.2,207
634,2016-12-15,9.333333333333334,5.666666666666667,3,0,0,0.4,0.5,405.0,3,12,-1,70.2,38
635,2016-12-16,12.5,4.0,2,0,0,0.5,0.6,374.0,3,0,3,70.3,30
636,2016-12-21,14.0,7.0,1,2,1,-0.0,0.0,515.0,33,30,-14,72.6,395
637,2016-12-26,14.0,4.5,4,1,1,-1.0,-0.9,673.0,33,0,-22,71.4,321
638,2016-12-27,20.333333333333332,13.0,3,0,0,-0.1,-0.0,586.0,23,16,-16,71.3,166
639,2016-12-29,9.0,4.0,1,0,0,-1.2,-1.1,389.0,10,11,-10,70.9,129
640,2016-12-30,11.5,5.0,2,0,0,-0.4,-0.2,338.0,7,11,-4,71.2,50
641,2016-12-31,111.5,86.0,2,2,1,-1.0,-0.6,408.0,27,11,-8,71.1,263
